"0","library(tidyverse)"
"2","Registered S3 methods overwritten by 'dbplyr':
  method         from
  print.tbl_lazy     
  print.tbl_sql      
"
"2","â”€â”€ [1mAttaching packages[22m â”€â”€â”€â”€â”€â”€â”€â”€â”€â”€â”€â”€ tidyverse 1.3.2 â”€â”€"
"2","[32mâœ”[39m [34mggplot2[39m 3.4.1      [32mâœ”[39m [34mpurrr  [39m 1.0.1 
[32mâœ”[39m [34mtibble [39m 3.2.1      [32mâœ”[39m [34mdplyr  [39m 1.0.10
[32mâœ”[39m [34mtidyr  [39m 1.2.1      [32mâœ”[39m [34mstringr[39m 1.5.0 
[32mâœ”[39m [34mreadr  [39m 2.1.3      [32mâœ”[39m [34mforcats[39m 0.5.2 "
"2","â”€â”€ [1mConflicts[22m â”€â”€â”€â”€â”€â”€â”€â”€â”€â”€â”€â”€â”€â”€â”€ tidyverse_conflicts() â”€â”€
[31mâœ–[39m [34mdplyr[39m::[32mfilter()[39m masks [34mstats[39m::filter()
[31mâœ–[39m [34mdplyr[39m::[32mlag()[39m    masks [34mstats[39m::lag()"
"0","library(vegan)"
"2","Loading required package: permute
"
"2","Loading required package: lattice
"
"2","This is vegan 2.6-4
"
"0","library(ggpubr)"
"0","library(dplyr)"
"0","library(ggplot2)"
"0","library(vegan)"
"0","#library(ggordiplots)"
"0","library(plotly)"
"2","Registered S3 method overwritten by 'data.table':
  method           from
  print.data.table     
"
"2","Registered S3 method overwritten by 'htmlwidgets':
  method           from         
  print.htmlwidget tools:rstudio
"
"2","
Attaching package: â€˜plotlyâ€™

"
"2","The following object is masked from â€˜package:ggplot2â€™:

    last_plot

"
"2","The following object is masked from â€˜package:statsâ€™:

    filter

"
"2","The following object is masked from â€˜package:graphicsâ€™:

    layout

"
